88,10,USA,WKJL,Clarksburg,WV,32,53,251,,08.03.20,,A705 ,,Deep Creek Lake DX,,Tr
88,30,USA,WLVV,Midland,MD,0.49,24,86,,08.03.20,,,,Deep Creek Lake DX,,Tr
88,50,USA,WYFU,Masontown,PA,16,38,295,,08.03.20,,,,Deep Creek Lake DX,,Tr
88,70,USA,W204BA r:WOTJ,Oakland,MD,0.25,11,190,,08.03.20,,,,Deep Creek Lake DX,,Tr
88,90,USA,WFRJ,Johnstown,PA,5.5,60,19,,08.03.20,,,,Deep Creek Lake DX,,Tr
89,30,USA,WQED-FM,Pittsburgh/Univ of (Pitt)sburgh,PA,28,70,332,,08.03.20,,7F53 ,QED_89.3,Deep Creek Lake DX,,Tr
89,50,USA,WVDS,Petersburg,WV,10,25,175,,08.03.20,,8DA3 ,WAUA,Deep Creek Lake DX,,Tr
89,70,USA,WQEJ r:WQED,Johnstown,PA,8.4,60,19,,08.03.20,,7F59 ,,Deep Creek Lake DX,,Tr
89,90,USA,WVNP,Wheeling,WV,25,79,306,,08.03.20,,BF01 ,WVPRWhlg,Deep Creek Lake DX,,Tr
90,10,USA,WYXA,Clarksburg,WV,4,58,254,,08.03.20,,965E ,,Deep Creek Lake DX,,Tr
90,30,USA,WAIJ,Grantsville,MD,10,17,53,,08.03.20,,,,Deep Creek Lake DX,,Tr
90,50,USA,WESA,Pittsburgh/Mt. Washington-Shiloh St.,PA,25,70,330,,08.03.20,,610C ,WDUQ.ORG,Deep Creek Lake DX,,Tr
90,90,USA,WVPM,Morgantown/Coopers Rock,WV,5,24,294,,08.03.20,,8DA3 ,,Deep Creek Lake DX,,Tr
91,30,USA,WYEP-FM,Pittsburgh,PA,18,67,333,,08.03.20,,947F ,,Deep Creek Lake DX,,Tr
91,30,USA,WOUB-FM,Athens,OH,50,150,265,,08.03.20,,,,Deep Creek Lake DX,,Tr
91,50,USA,WKRJ r:WKSU,New Philadelphia,OH,2,134,302,,08.03.20,,A7D3 ,,Deep Creek Lake DX,,Tr
91,70,USA,WWVU-FM,Morgantown/Mileground Rd.,WV,2.6,32,280,,08.03.20,,A9F6 ,,Deep Creek Lake DX,,Tr
91,90,USA,WFWM,Frostburg,MD,1.3,24,85,,08.03.20,,,,Deep Creek Lake DX,,Tr
91,90,USA,WCAL,California,PA,2.5,45,319,,08.03.20,,59FB ,89.3WCAL,Deep Creek Lake DX,,Tr
92,10,USA,WJHT,Johnstown,PA,0.58,60,19,,08.03.20,,6D35 ,HOT 92.1,Deep Creek Lake DX,,Tr
92,10,USA,WKPL,Ellwood City,PA,2.5,97,330,,08.03.20,,A7A1 ,PICKLE 92.1,Deep Creek Lake DX,,Tr
92,30,USA,WKTQ,Oakland,MD,1.4,12,232,,08.03.20,,,,Deep Creek Lake DX,,Tr
92,50,USA,WDJQ,Alliance,OH,50,126,313,,08.03.20,,5D8E ,WDJQ_Q92,Deep Creek Lake DX,,Tr
92,70,USA,WGIE,Clarksburg,WV,0.62,55,251,,08.03.20,,13,Froggy,Deep Creek Lake DX,,Tr
92,90,USA,WLTJ,Pittsburgh,PA,43,74,332,,08.03.20,,73AB ,_Q92.9__,Deep Creek Lake DX,,Tr
93,10,USA,WFGM-FM,Barrackville,WV,2.6,35,258,,08.03.20,,6284,,Deep Creek Lake DX,,Tr
93,30,USA,WQZS,Meyersdale,PA,0.63,19,29,,08.03.20,,8184,WQZS93.3,Deep Creek Lake DX,,Tr
93,50,USA,WFBY,Buckhannon,WV,16,55,222,,08.03.20,,620E ,,Deep Creek Lake DX,,Tr
93,70,USA,KDKA-FM,Pittsburgh/Mt. Washington,PA,41,71,330,,08.03.20,,18F0 ,93.7_The __FAN___,Deep Creek Lake DX,,Tr
93,90,USA,W230AY r:WDKL,Westover/Point Marion [PA],WV,0.09,34,284,,08.03.20,,8265,K-LOVE,Deep Creek Lake DX,,Tr
94,10,USA,WQZK-FM,Keyser,WV,13,23,114,,08.03.20,,817C ,WQZKFM,Deep Creek Lake DX,,Tr
94,30,USA,WRLF,Fairmont,WV,3.6,43,263,,08.03.20,,82AF ,,Deep Creek Lake DX,,Tr
94,50,USA,WWSW-FM,Pittsburgh/Fineview,PA,50,72,331,,08.03.20,,19AA ,94.5_3WS [artist] [title_],Deep Creek Lake DX,,Tr
94,70,USA,WELK,Elkins,WV,5,50,208,,08.03.20,,6060,WELK K95,Deep Creek Lake DX,,Tr
94,70,USA,WSNY,Columbus,OH,22,197,280,,08.03.20,,859A ,SUNNY95,Deep Creek Lake DX,,Tr
94,90,USA,WOGG,Oliver,PA,1.65,27,324,,08.03.20,,7A42 ,,Deep Creek Lake DX,,Tr
95,10,USA,WYLE,Grove City,PA,19,129,336,,08.03.20,,952A ,,Deep Creek Lake DX,,Tr
95,30,USA,WJPA-FM,Washington,PA,2.15,65,313,,08.03.20,,,,Deep Creek Lake DX,,Tr
95,50,USA,WFGI-FM,Johnstown,PA,57,60,19,,08.03.20,,6280,FROGGY95,Deep Creek Lake DX,,Tr
95,70,USA,WVKF,Shadyside,OH,6.8,83,296,,08.03.20,,1D25 ,KISS FM [artist] [title_],Deep Creek Lake DX,,Tr
95,90,USA,WKTZ-FM r:WMSG,Loch Lynn Heights,MD,1.45,11,163,,08.03.20,,7117,,Deep Creek Lake DX,,Tr
96,10,USA,WKST-FM,Pittsburgh,PA,44,66,331,,08.03.20,,17F7 ,96.1 KISS [artist] [title],Deep Creek Lake DX,,Tr
96,30,USA,WLVQ,Columbus,OH,18,197,280,,08.03.20,,7.30E+07,WLVQ FM,Deep Creek Lake DX,,Tr
96,50,USA,WKYE,Johnstown,PA,50,58,24,,08.03.20,,7184,96 KEY THE BEST VARIETY,Deep Creek Lake DX,,Tr
96,70,USA,WKMM,Kingwood,WV,0.55,15,243,,08.03.20,,,,Deep Creek Lake DX,,Tr
96,90,USA,WRRK,Braddock,PA,45,67,333,,08.03.20,,8350,_On_Bob_ [artist] [title_],Deep Creek Lake DX,,Tr
97,10,USA,WLIC,Frostburg,MD,0.14,25,82,,08.03.20,,7286,,Deep Creek Lake DX,,Tr
97,10,USA,WBNS-FM,Columbus,OH,20.5,197,280,,08.03.20,,58B0 ,97.1 The Fan Home of the Buckeyes,Deep Creek Lake DX,,Tr
97,30,USA,WKWK-FM,Wheeling,WV,50,81,298,,08.03.20,,1156,Mix_97.3 [artist] [title_],Deep Creek Lake DX,,Tr
97,50,USA,W248BF r:WYXA,Granville,WV,0.01,29,275,,08.03.20,,,,Deep Creek Lake DX,,Tr
97,50,CAN,CIQM-FM 97-5 Virgin Radio,London,ON,50,257,337,,08.03.20,,C841 ,97 5 VIRGIN RADIO,Deep Creek Lake DX,,Tr
97,70,USA,WLKH,Somerset,PA,3.5,35,22,,08.03.20,,72BF ,K-LOVE,Deep Creek Lake DX,,Tr
97,90,USA,WKKW,Fairmont,WV,29,39,256,,08.03.20,,A72A ,[title_] [artist] [_adv._],Deep Creek Lake DX,,Tr
98,10,USA,WKDD,Munroe Falls,OH,50,161,315,,08.03.20,,1F61 ,98.1WKDD,Deep Creek Lake DX,,Tr
98,30,USA,WPKV,Duquesne,PA,3.7,72,332,,08.03.20,,7D5D ,_K-LOVE_,Deep Creek Lake DX,,Tr
98,50,USA,WYRA,Confluence,PA,0.75,20,28,,08.03.20,,95C2 ,,Deep Creek Lake DX,,Tr
98,70,USA,WOVK,Wheeling,WV,50,84,296,,08.03.20,,1BCC ,98.7WOVK,Deep Creek Lake DX,,Tr
98,90,USA,WDNE-FM,Elkins,WV,5.1,50,208,,08.03.20,,5DEA ,,Deep Creek Lake DX,,Tr
98,90,USA,WMXY,Youngstown,OH,5.9,124,327,,08.03.20,,16C6 ,Mix_98.9,Deep Creek Lake DX,,Tr
99,10,USA,WRKW,Ebensburg,PA,50,66,27,,08.03.20,,82A6 ,ROCKY,Deep Creek Lake DX,,Tr
99,30,USA,WPKL,Uniontown,PA,3,32,315,,08.03.20,,7D53 ,,Deep Creek Lake DX,,Tr
99,50,USA,WDZN,Midland,MD,1.05,22,68,,08.03.20,,5F2B ,,Deep Creek Lake DX,,Tr
99,70,USA,WSHH,Pittsburgh/Fineview,PA,17,72,331,,08.03.20,,84ED ,WISH,Deep Creek Lake DX,,Tr
99,90,USA,WTUZ,Uhrichsville,OH,5.3,126,300,,08.03.20,,88F5 ,WTUZFM,Deep Creek Lake DX,,Tr
100,10,USA,WCLG-FM,Morgantown/Westover-Jackson St.,WV,6,34,279,,08.03.20,,5B14 ,WCLG-FM_,Deep Creek Lake DX,,Tr
100,30,USA,WAFD,Webster Springs,WV,25,97,218,,08.03.20,,552D ,WAFD 100.3 Webster Springs Statewide Signal,Deep Creek Lake DX,,Tr
100,30,USA,WGYY,Meadville,PA,20,150,343,,08.03.20,,6708,,Deep Creek Lake DX,,Tr
100,50,USA,WBGI-FM,Bellaire,OH,48,83,294,,08.03.20,,57F0 ,,Deep Creek Lake DX,,Tr
100,70,USA,WBZZ,New Kensington,PA,14.5,72,332,,08.03.20,,59EF ,_On_Star +title +interpret,Deep Creek Lake DX,,Tr
100,90,USA,WZST,Westover/Grafton Rd.,WV,3,31,269,,08.03.20,,9893,,Deep Creek Lake DX,,Tr
100,90,USA,WJAW-FM,McConnelsville,OH,1.9,134,271,,08.03.20,,6C82 ,,Deep Creek Lake DX,,Tr
101,10,USA,WWPN,Westernport,MD,0.32,19,130,,08.03.20,,,,Deep Creek Lake DX,,Tr
101,30,USA,WBRB,Buckhannon,WV,50,61,227,,08.03.20,,5907,,Deep Creek Lake DX,,Tr
101,30,USA,WNCO-FM,Ashland,OH,50,182,300,,08.03.20,,,,Deep Creek Lake DX,,Tr
101,50,USA,WORD-FM,Pittsburgh,PA,43,73,332,,08.03.20,,7B5D ,WORD,Deep Creek Lake DX,,Tr
101,70,USA,WCCL,Central City,PA,0.72,46,34,,08.03.20,,5A2F ,,Deep Creek Lake DX,,Tr
101,90,USA,WVAQ,Morgantown/Harmony Grove-River Rd.,WV,50,34,276,,08.03.20,,8C2C ,102_WVAQ,Deep Creek Lake DX,,Tr
102,10,USA,WDOK,Cleveland,OH,12,177,316,,08.03.20,,A50A ,WDOK 102.1 Today's Soft Rock and Yesterday's Favs,Deep Creek Lake DX,,Tr
102,30,USA,WBTQ,Weston,WV,10,64,235,,08.03.20,,594A ,,Deep Creek Lake DX,,Tr
102,50,USA,WDVE,Pittsburgh,PA,55,74,331,,08.03.20,,1EBA ,102.5 WDVE ROCKS [artist] [title_],Deep Creek Lake DX,,Tr
102,70,USA,WGYE,Mannington,WV,3.2,46,263,,08.03.20,,,,Deep Creek Lake DX,,Tr
102,90,USA,WYFM,Sharon,PA,33,124,327,,08.03.20,,9496,,Deep Creek Lake DX,,Tr
103,10,USA,WKVE,Mount Pleasant,PA,4.4,29,328,,08.03.20,,7136,,Deep Creek Lake DX,,Tr
103,30,USA,WAJR-FM,Salem,WV,1.8,63,252,,08.03.20,,,,Deep Creek Lake DX,,Tr
103,50,USA,WLYI,Burgettstown,PA,19.5,87,309,,08.03.20,,742C ,NEW WILLIE 103.5,Deep Creek Lake DX,,Tr
103,90,USA,WKHB-FM,Scottdale,PA,1.1,33,344,,08.03.20,,,,Deep Creek Lake DX,,Tr
104,10,USA,WVIW,Bridgeport,WV,2.45,53,251,,08.03.20,,,,Deep Creek Lake DX,,Tr
104,30,USA,WOGI,Moon Township,PA,13,91,322,,08.03.20,,7A44 ,,Deep Creek Lake DX,,Tr
104,50,USA,WKHJ-FM,Mountain Lake Park,MD,1.55,11,163,,08.03.20,,6FCF ,104.5KHJ,Deep Creek Lake DX,,Tr
104,70,USA,WPGB,Pittsburgh,PA,14.5,72,331,,08.03.20,,1CE1 ,Big104.7,Deep Creek Lake DX,,Tr
104,90,USA,WPDX-FM,Clarksburg,WV,7.4,46,243,,08.03.20,,7CA9 ,,Deep Creek Lake DX,,Tr
105,10,USA,W286AL r:WANB,Waynesburg,PA,0.13,47,298,,08.03.20,,,,Deep Creek Lake DX,,Tr
105,10,USA,WQXK,Salem,OH,88,120,320,,08.03.20,,8148,,Deep Creek Lake DX,,Tr
105,30,USA,WFRB-FM,Frostburg,MD,13.5,22,66,,08.03.20,,6397,WFRB_FM,Deep Creek Lake DX,,Tr
105,50,USA,WUKL,Bethlehem,WV,13.5,80,296,,08.03.20,,8A87 ,,Deep Creek Lake DX,,Tr
105,70,USA,WHTI-FM,Salem,WV,1.95,61,255,,08.03.20,,,,Deep Creek Lake DX,,Tr
