﻿Freq,Call,City,State,Distance,Power,Date,Slogan,,,Sourlands DX,,,Single
88.1,WNJT,Trenton,NJ,9.71,0.11,7/27/2018,NJ Public Radio/WNYC,,,Sourlands DX,,,88.3
88.1,WDIY,Allentown,PA,34.7,0.3,7/29/2018,Lehigh Valley Public Radio/NPR,,,Sourlands DX,,,89.1
88.1,WMAW,Meridian,MS,974.39,100,7/3/2019,((RDS)) MPB 88.1 Think Radio,,,Sourlands DX,,,90.1
88.3,WBGO,Newark,NJ,51.82,2.5,7/27/2018,Jazz 88,,,Sourlands DX,,,90.9
88.5,WXPN,Philadelphia,PA,31.51,2.65,7/27/2018,XPN,,,Sourlands DX,,,92.3
88.5,WNJP,Sussex,NJ,55.69,0.45,7/27/2018,NJ Public Radio/WNYC,,,Sourlands DX,,,92.5
88.7,WRSU,New Brunswick,NJ,21.85,1.35,7/27/2018,WRSU Rutgers Radio,,,Sourlands DX,,,93.3
88.7,WOTB,Pearl River,LA,1081.64,100,7/3/2019,The Bridge Radio,,,Sourlands DX,,,93.9
88.9,WBYO,Sellersville,PA,27.26,0.9,7/29/2018,Word FM,,,Sourlands DX,,,94.1
88.9,WBZC,Pemberton,NJ,39.36,10,7/15/2019,Word FM,,,Sourlands DX,,,94.5
89.1,WWFM,Trenton,NJ,12.27,1.15,7/27/2018,WWFM Classical Network,,,Sourlands DX,,,95.7
89.3,WNJY,Netcong,NJ,36.5,0.52,7/29/2018,NJ Public Radio/WNYC,,,Sourlands DX,,,96.3
89.3,WRDV,Warminster,PA,18.35,1.6,7/29/2018,WRDV Radio Delaware Valley,,,Sourlands DX,,,98.7
89.3,WRKF,Baton Rouge,LA,1148.32,28,7/3/2019,((RDS)) WRKF,,ES,Sourlands DX,,,98.9
89.3,WAII,Hattiesburg,MS,1024.36,1,7/3/2019,AFR/From his heart,,ES,Sourlands DX,,,100.1
89.5,WSOU,South Orange,NJ,40.15,2.4,7/27/2018,Seton Hall's Pirate Radio,,,Sourlands DX,,,100.9
89.5,WYPA,Cherry Hill,NJ,32.59,1.9,7/29/2018,Air 1,,,Sourlands DX,,,101.5
89.5,WSCL,Salisbury,MD,125.43,33,8/6/2018,Delmarva Public Radio/Classical,,,Sourlands DX,,,101.7
89.5,KYFL,Monroe,LA,1099.54,25,7/3/2019,((RDS)) KYFL BBNRadio.org,,ES,Sourlands DX,,,102.9
89.5,WMAE,Booneville,MS,856.54,85,7/3/2019,MPB Think Radio,,ES,Sourlands DX,,,103.3
89.7,WDVR,Delaware Twp,NJ,11.82,3.8,7/27/2018,WDVR- Delaware Valley Radio,,,Sourlands DX,,,103.5
89.7,WRDR,Freehold Twp,NJ,40.91,1.6,7/29/2018,The Bridge,,,Sourlands DX,,,
89.9,WKCR,New York,NY,51.82,1.35,7/29/2018,WKCR/Columbia University,,,Sourlands DX,,,
89.9,WVIA,Scranton,PA,78.13,7.4,7/29/2018,WVIA Classical,,,Sourlands DX,,,
90.1,WRTI,Philadelphia,PA,31.04,7.7,7/27/2018,Temple University Classical/Jazz,,,Sourlands DX,,,
90.3,WVPH,Piscataway,NJ,23.62,0.1,7/29/2018,The Core- Piscataway High School,,,Sourlands DX,,,
90.3,WNJO,Toms River,NJ,50.49,4,7/15/2019,NJ Public Radio/WNYC,,,Sourlands DX,,,
90.5,WCVH,Flemington,NJ,13.55,0.078,7/27/2018,WCVH Country,,,Sourlands DX,,,
90.5,WVBV,Medford Lakes,NJ,56.32,21,7/29/2018,Hope FM,,,Sourlands DX,,,104.3
90.5,WBJB,Lincroft,NJ,36.98,0.9,8/5/2018,The Night,,,Sourlands DX,,,104.5
90.7,WYRS,Manahawkin,NJ,57.86,15,7/29/2018,WYRS Christian Radio,,,Sourlands DX,,,105.3
90.7,CBN-FM-1,Grand Falls,NL,1127.03,100,7/7/2019,CBC Music St John,,ES,Sourlands DX,,,
90.9,WHYY,Philadelphia,PA,31.16,13.5,7/27/2018,WHYY Public Radio/NPR,,,Sourlands DX,,,
91.1,WWNJ,Toms River Twp,NJ,43.24,5.8,7/29/2018,WWFM Classical Network,,,Sourlands DX,,,
91.1,WRTY,Jackson Twp,PA,54.74,3.5,7/29/2018,Temple University Classical/Jazz,,,Sourlands DX,,,
91.1,KSMU,Springfield,MO,1017.6,40,7/2/2019,KSMU Public Radio/NPR,,ES,Sourlands DX,,,
91.3,WTSR,Trenton,NJ,7.22,1.5,7/27/2018,WTSR/TCNJ Radio,,,Sourlands DX,,,
91.3,WLVR,Bethlehem,PA,31.99,0.2,7/29/2018,WLVR- Freeform Radio/Lehigh University,,,Sourlands DX,,,
91.5,WNYE,New York,NY,51.82,2,7/29/2018,WNYE NYC Media/NPR,,,Sourlands DX,,,
91.5,WCIM,Shenandoah,PA,74.99,1.2,7/29/2018,Family Life Network,,,Sourlands DX,,,
91.7,WLNJ,Lakehurst,NJ,28.21,3.5,7/29/2018,WYRS Christian Radio,,,Sourlands DX,,,
91.7,WBMR,Telford,PA,24.44,0.5,7/29/2018,WBMR Religious/VCY America,,,Sourlands DX,,,
91.7,WLBS,Bristol,PA,14.51,0.1,7/29/2018,WRDV Radio Delaware Valley,,,Sourlands DX,,,
91.9,W220AG,Lawrenceville,NJ,9.71,0.009,7/27/2018,WYRS Christian Radio,,,Sourlands DX,,,
91.9,WXPJ,Hackettstown,NJ,33.47,5.4,7/29/2018,XPN,,,Sourlands DX,,,
91.9,WSIU,Carbondale,IL,792.95,50,7/2/2019,WSIU Public Radio/NPR,,ES,Sourlands DX,,,
92.1,W221CU,Allentown,PA,34.67,0.01,7/26/2018,Latina 92.1,,,Sourlands DX,,,
92.1,WVLT,Vineland,NJ,61.46,6,7/26/2018,Crusin 92.1,,,Sourlands DX,,,
92.1,WKHL,Palmyra,PA,99.56,1.5,8/29/2018,K-Love,,,Sourlands DX,,,
92.1,WLBW,Fenwick Island,DE,135.38,3,6/8/2019,K-Love,,,Sourlands DX,,,
92.1,WLNG,Sag Harbor,NY,136.6,5.3,6/8/2019,WLNG,,,Sourlands DX,,,
92.1,WEUZ,Minor Hill,TN,764.69,2.6,7/3/2019,#1 for Hip Hop & R&B 103.1 & 92.1,,ES,Sourlands DX,,,
92.1,CJOZ,Bonavista,NL,1208.35,6.7,7/7/2019,OZ FM,,ES,Sourlands DX,,,
92.1,WFUZ,Nanticoke,PA,77.91,0.66,7/9/2019,Alt 92.1,,,Sourlands DX,,,
92.1,WEMQ-LP,Horsham,PA,22.82,0.016,7/16/2019,Upper Montco Ready Radio,,,Sourlands DX,,,
92.1,KREP,Belleville,KS,1201.32,14.5,7/20/2019,KR-92 Country,,,Sourlands DX,,,
92.1,KCHE,Cherokee,IA,1080.32,6,7/20/2019,Classic Hits 92.1,,,Sourlands DX,,,
92.1,KTSR,De Quincy,LA,1251.03,13.5,7/20/2019,"Classic Rock 92.1, SW LA",,,Sourlands DX,,,
92.1,KLQP,Madison,MN,1126.77,25,7/20/2019,"Q-92, Local baseball, ads",,,Sourlands DX,,,
92.3,WNYL,New York,NY,51.57,6,7/26/2018,Alt 92.3,,,Sourlands DX,,,
92.5,WXTU,Philadelphia,PA,31.21,15,7/26/2018,92.5 XTU Country,,,Sourlands DX,,,
92.7,W224CW,Franklin Twp,NJ,20.29,0.105,7/26/2018,8K Radio - South Asian,,,Sourlands DX,,,
92.7,W224AS,Washington,NJ,31.04,0.15,7/26/2018,RNJ Northwest Jersey,,,Sourlands DX,,,
92.7,WOBM,Toms River,NJ,48.98,2.8,7/26/2018,92.7 WOBM,,,Sourlands DX,,,
92.9,WMGS,Wilkes Barre,PA,78.19,5.3,7/26/2018,Magic 93,,,Sourlands DX,,,
92.9,WVBW,Suffolk,VA,255.35,50,8/5/2018,92.9 The Wave,,,Sourlands DX,,,
92.9,WEMK-LP,Upper Gywnedd,PA,24.49,0.027,3/17/2019,Upper Montco Ready Radio,,,Sourlands DX,,,
92.9,KTGL,Beatrice,NE,1149.75,100,6/8/2019,The Eagle,,ES,Sourlands DX,,,
92.9,WEHM,Manorville,NY,113.22,3.1,6/9/2019,92-9 & 96-9 EHM,,,Sourlands DX,,,
92.9,W225DJ,Burlington,NJ,19.88,0.24,7/1/2019,Life Radio/The Spirit of NJ,,,Sourlands DX,,,
92.9,KOSP,Ozark,MO,1027.32,50,7/2/2019,The Beat- ((RDS)),,ES,Sourlands DX,,,
93.1,WPAT,Paterson,NJ,49.08,5.4,7/26/2018,Amour,,,Sourlands DX,,,
93.1,KTYL,Tyler,TX,1247.5,82,7/3/2019,Mix 93.1// Stream match,,ES,Sourlands DX,,,
93.1,WEZW,Wildwood Crest,NJ,95,4.1,7/10/2019,EZ 93.1,,,Sourlands DX,,,
93.1,KHMY,Pratt,KS,1264.58,100,7/20/2019,"My 93-1, Hot AC",,,Sourlands DX,,,
93.1,KRVN,Lexington,NE,1305.4,100,7/20/2019,"93.1 The River, Country",,,Sourlands DX,,,
93.1,KQID,Alexandria,LA,1139.18,97,7/20/2019,"Q93 Alexandria, CHR",,,Sourlands DX,,,
93.3,WMMR,Philadelphia,PA,33.74,16.5,7/26/2018,93-3 MMR,,,Sourlands DX,,,
93.5,WSBG,Stroudsburg,PA,43.54,0.43,7/26/2018,93-5 SBG Poconos Best Variety,,,Sourlands DX,,,
93.5,WVIP,New Rochelle,NY,61.25,1.75,9/9/2018,WVIP Carribbean Radio,,,Sourlands DX,,,
93.5,KKMI,Burlington,IA,853.14,6,7/2/2019,KKMI - Burlington's Best Music,,ES,Sourlands DX,,,
93.5,KKOT,Columbus,NE,1190.62,100,7/20/2019,"93.5 The Hawk, Classic Hits",,,Sourlands DX,,,
93.5,WVIV,Lemont,IL,689.61,3.5,7/20/2019,Latino Mix 93.5//Stream,,,Sourlands DX,,,
93.7,WSTW,Wilmington,DE,53.03,47.1,7/26/2018,93-7 WSTW,,,Sourlands DX,,,
93.7,WJBC,Pontiac,IL,723.37,12,7/2/2019,Nash Icon Country,,,Sourlands DX,,,
93.9,WNYC,New York,NY,51.57,5.2,7/26/2018,WNYC New York Public Radio,,,Sourlands DX,,,
94.1,WYSP,Philadelphia,PA,31.04,9.6,7/26/2018,Sports Radio 94 WIP,,,Sourlands DX,,,
94.3,WJLK,Asbury Park,NJ,40.26,1.3,7/26/2018,94-3 The Point,,,Sourlands DX,,,
94.3,WWSK,Smithtown,NY,86.42,2.6,6/10/2019,The Shark,,,Sourlands DX,,,
94.3,WTIX,Galliano,LA,1127.01,100,7/20/2019,"WTIX-FM, Greatest Hits, New Orleans ads",,,Sourlands DX,,,
94.5,WPST,Trenton,NJ,12.39,50,7/26/2018,94.5 PST,,,Sourlands DX,,,
94.7,WNSH,Newark,NJ,41.9,23.5,7/26/2018,New Yorks Country 94-7,,,Sourlands DX,,,
94.7,WDSD,Dover,DE,89.51,50,6/9/2019,WDSD,,,Sourlands DX,,,
94.7,KNEN,Norfolk,NE,1185.45,100,7/20/2019,"94 Rock, Classic Rock",,,Sourlands DX,,,
94.9,W235CE,Philadelphia,PA,28.43,0.074,7/26/2018,Hope FM,,,Sourlands DX,,,
94.9,WRBT,Harisburg,PA,111.5,25,7/30/2018,Bob 94-9,,,Sourlands DX,,,
94.9,WJJF,Montauk,NY,156.41,5.6,6/9/2019,94.9 News Now,,,Sourlands DX,,,
94.9,KNCK,Concordia,KS,1209.79,100,7/20/2019,NCK 94.9 KNCK Concordia TOH Hot AC,,,Sourlands DX,,,
94.9,KJLT,North Platte,NE,1359.46,100,7/20/2019,"KJLT//Stream, Religious",,,Sourlands DX,,,
95.1,WZZO,Bethelehem,PA,29.8,30,7/26/2018,95-1 ZZO,,,Sourlands DX,,,
95.1,WAYV,Atlantic City,NJ,71.14,50,7/26/2018,95.1 WAYV,,,Sourlands DX,,,
95.3,W237EH,Pennsauken,NJ,32.7,0.25,7/26/2018,740 WVCH Christian Radio,,,Sourlands DX,,,
95.3,WKDB,Laurel,DE,136.15,6,6/8/2019,Maxima 95.3,,,Sourlands DX,,,
95.3,WHFM,Southampton,NY,133.91,5,6/8/2019,WBAB,,,Sourlands DX,,,
95.3,KOKX,Keokuk,IA,879.8,100,6/8/2019,K-Love,,ES,Sourlands DX,,,
95.3,WDNH,Honesdale,PA,85.51,1.65,6/10/2019,95-3 DNH,,,Sourlands DX,,,
95.3,KCXY,East Camden,AR,1096.81,100,7/2/2019,Y95,,ES,Sourlands DX,,,
95.3,KINZ,Humboldt,KS,1123.31,24,7/20/2019,Classic Mix Z 95.3,,,Sourlands DX,,,
95.3,KBBN,Broken Bow,NE,1301.93,30,7/20/2019,"KBBN The Thunderbird, Classic Rock",,,Sourlands DX,,,
95.3,WFFN,Coaling,AL,864.86,17.5,7/20/2019,"95-3 The Bear, Country",,,Sourlands DX,,,
95.5,WPLJ,New York,NY,51.57,6.7,7/26/2018,K-Love,,,Sourlands DX,,,
95.5,W238CZ,Atlantic City,NJ,71.34,0.25,7/10/2019,Talk Radio WPG,,,Sourlands DX,,,
95.7,WBEN,Philadelphia,PA,31.17,8.9,7/26/2018,BEN-FM,,,Sourlands DX,,,
95.9,WRAT,Point Pleasant,NJ,44.43,1.45,7/26/2018,95-9 The Rat,,,Sourlands DX,,,
95.9,WKZP,West Ocean City,MD,135.38,10.5,7/26/2018,Kiss 95.9,,,Sourlands DX,,,
95.9,W240CY,Mt Bethel,NJ,24.54,0.005,3/5/2019,WDVR- Delaware Valley Radio,,,Sourlands DX,,,
95.9,WFOX,Southport,CT,89.45,3,6/10/2019,The Fox,,,Sourlands DX,,,
95.9,W240DF,Hempstead,NY,67.8,0.25,6/10/2019,Asian language/Local ad,,,Sourlands DX,,,
95.9,CKMY,Botwood,NL,1127.03,46.64,7/7/2019,OZFM,,ES,Sourlands DX,,,
96.1,WCTO,Easton,NJ,34.7,50,7/26/2018,Cat Country 96,,,Sourlands DX,,,
96.1,WSOX,Red Lion,PA,97.64,13.5,8/29/2018,Classic Hits 96-1 SOX,,,Sourlands DX,,,
96.1,WTTH,Margate City,NJ,71.41,3.3,6/8/2019,96.1 WTTH R&B,,,Sourlands DX,,,
96.3,WXNY,New York,NY,51.57,6,7/26/2018,La X 96.3,,,Sourlands DX,,,
96.5,WTDY,Philadelphia,PA,31.03,9.6,7/26/2018,96-5 TDY,,,Sourlands DX,,,
96.5,WPEL,Montrose,PA,115.77,57,6/10/2019,WPEL Religious,,,Sourlands DX,,,
96.7,WABT,Lehman Twp,PA,53.23,5,7/30/2018,Pocono 96-7,,,Sourlands DX,,,
96.7,WKLV,Port Chester,NY,66.63,3.1,7/30/2018,K-Love/Air 1,,,Sourlands DX,,,
96.9,W245CC,Trenton,NJ,9.71,0.01,7/26/2018,WDVR- Delaware Valley Radio,,,Sourlands DX,,,
96.9,WFPG,Atlantic City,NJ,71.34,50,7/26/2018,Lite Rock 96.9 WFPG,,,Sourlands DX,,,
96.9,WLAN,Lancaster,PA,88.47,50,8/28/2018,FM97 WLAN,,,Sourlands DX,,,
96.9,WHEN,East Hampton,NY,145.84,4.3,6/10/2019,92-9 & 96-9 EHM,,,Sourlands DX,,,
97.1,WQHT,New York,NY,51.57,6.7,7/26/2018,Hot 97,,,Sourlands DX,,,
97.1,W246CN,Colmar,PA,27.03,0.25,6/8/2019,Word FM,,,Sourlands DX,,,
97.3,WENJ,Millville,NJ,72.43,50,7/26/2018,ESPN Radio,,,Sourlands DX,,,
97.3,WRVV,Harrisburg,PA,107.16,15,8/29/2018,The River,,,Sourlands DX,,,
97.5,WPEN,Burlington,NJ,26.98,26,7/26/2018,97.5 The Fanatic/ESPN Radio/Fox Sports,,,Sourlands DX,,,
97.5,WALK,Patchogue,NY,99.87,39,6/10/2019,WALK 97.5,,,Sourlands DX,,,
97.7,WCZX,Hyde Park,NY,102.97,0.3,6/10/2019,Now 97-7,,,Sourlands DX,,,
97.7,W249CM,Marmora,NJ,69.99,0.25,7/10/2019,Hope FM,,,Sourlands DX,,,
97.9,WSKQ,New York,NY,51.57,6,7/26/2018,Mega 97.9,,,Sourlands DX,,,
97.9,WIYY,Baltimore,MD,119.93,13.5,8/28/2018,98 Rock,,,Sourlands DX,,,
97.9,WBSX,Hazleton,PA,78.19,6.3,6/10/2019,97-9 X,,,Sourlands DX,,,
98.1,WOGL,Philadelphia,PA,31.03,9.6,7/26/2018,98.1 WOGL,,,Sourlands DX,,,
98.1,WOCM,Selbyville,DE,135.38,3,6/8/2019,Ocean 98,,,Sourlands DX,,,
98.3,WMGQ,New Brunswick,NJ,19.38,1.2,7/26/2018,Magic 98.3,,,Sourlands DX,,,
98.3,WTKU,Petersburg,NJ,80.86,6,6/8/2019,Kool 98.3,,,Sourlands DX,,,
98.3,WKJY,Hempstead,NY,67.78,3,6/10/2019,K-Joy 98.3,,,Sourlands DX,,,
98.5,W253CA,Lansdale,PA,27.03,0.25,7/26/2018,WNPV 1440/Talk,,,Sourlands DX,,,
98.5,WBBO,Ocean Acres,NJ,53.38,3.4,7/26/2018,B 98.5,,,Sourlands DX,,,
98.5,WYCR,York-Hanover,PA,117.16,10.5,7/30/2018,Rocky 98.5,,,Sourlands DX,,,
98.5,WBON,Westhampton,NY,113.22,0.95,6/10/2019,SS/LaFiesta,,,Sourlands DX,,,
98.5,WKRZ,Freeland,PA,77.09,8.7,6/10/2019,98-5 KRZ,,,Sourlands DX,,,
98.7,WEPN,New York,NY,51.57,6,7/26/2018,ESPN Radio,,,Sourlands DX,,,
98.9,WUSL,Philadelphia,PA,31.14,27,7/26/2018,Power 99,,,Sourlands DX,,,
99.1,WAWZ,Zarephath,NJ,21.71,28,7/26/2018,Star 99.1,,,Sourlands DX,,,
99.1,WPLR,New Haven,CT,122.21,15,6/10/2019,99-1 PLR,,,Sourlands DX,,,
99.3,WZBZ,Pleasantville,NJ,71.41,3,7/26/2018,99-3 The Buzz,,,Sourlands DX,,,
99.3,WOWZ-FM,Accomac,VA,183.14,22,8/22/2018,Wow 99.3 & 101.1 Country,,,Sourlands DX,,,
99.3,WMNP,Block Island,RI,179.32,6,6/10/2019,Mixx 99.3,,,Sourlands DX,,,
99.3,WHKF,Harrisburg,PA,107.91,1.35,6/10/2019,Alt 99-3 Central PA's Alternative Rock,,,Sourlands DX,,,
99.5,WBAI,New York,NY,51.82,10,7/26/2018,WBAI Pacifica Radio,,,Sourlands DX,,,
99.5,WJBR,Wilmington,DE,51.93,50,7/26/2018,Mix 99.5,,,Sourlands DX,,,
99.7,WJUX,South Fallsburg,NY,98.95,1.4,7/26/2018,The Bridge,,,Sourlands DX,,,
99.7,WBHX,Tuckerton,NJ,63.93,9.6,6/8/2019,107.1 The Boss,,,Sourlands DX,,,
99.9,WODE,Easton,PA,30.93,50,7/26/2018,99-9 The Hawk,,,Sourlands DX,,,
99.9,WEZN,Bridgeport,CT,106.57,27,4/13/2019,Star 99.9,,,Sourlands DX,,,
99.9,WWFG,Ocean City,MD,135.38,38,6/8/2019,Froggy 99.9,,,Sourlands DX,,,
100.1,WJRZ,Manahawkin,NJ,51.55,1.7,7/26/2018,100.1 WJRZ,,,Sourlands DX,,,
100.3,WRNB,Media,PA,31.17,17,7/26/2018,100.3 WRNB R&B,,,Sourlands DX,,,
100.3,WHTZ,Newark,NJ,51.57,6,7/26/2018,Z-100,,,Sourlands DX,,,
100.5,KMEM,Memphis,MO,909.54,25,6/8/2019,KMEM America's Best Country Cardinals Baseball,,ES,Sourlands DX,,,
100.5,WRCH,New Britain,CT,139.09,7.5,6/9/2019,Lite 100.5 WRCH,,,Sourlands DX,,,
100.7,WLEV,Allentown,PA,34.7,11,7/26/2018,100.7 WLEV,,,Sourlands DX,,,
100.7,WZXL,Wildwood,NJ,85.97,38,7/26/2018,100.7 WZXL,,,Sourlands DX,,,
100.7,WHUD,Peekskill,NY,82.96,50,6/10/2019,WHUD Hudson Valley,,,Sourlands DX,,,
100.9,WKNL,New London,CT,158.75,6,6/10/2019,WKNL New London/K-Hits,,,Sourlands DX,,,
101.1,WBEB,Philadelphia,PA,31.21,14,7/26/2018,B 101.1,,,Sourlands DX,,,
101.1,WCBS,New York,NY,51.57,6.7,7/26/2018,WCBS-FM,,,Sourlands DX,,,
101.3,WROZ,Lancaster,PA,96.98,7.4,8/29/2018,Fun 101.3,,,Sourlands DX,,,
101.3,WKCI,Hamden,CT,122.89,12,6/10/2019,KC 101,,,Sourlands DX,,,
101.5,WKXW,Trenton,NJ,9.71,15.5,7/26/2018,NJ 101.5,,,Sourlands DX,,,
101.7,WBEA,Southold,NY,123.17,6,6/10/2019,The Beach,,,Sourlands DX,,,
101.9,WFAN,New York,NY,51.57,6,7/26/2018,Sports Radio 66,,,Sourlands DX,,,
101.9,WAVT,Pottsville,PA,78.89,29,7/26/2018,T-102,,,Sourlands DX,,,
101.9,WLIF,Baltimore,MD,112.48,13.5,4/14/2019,Todays 101.9,,,Sourlands DX,,,
102.1,WIOQ,Philadelphia,PA,31.14,27,7/26/2018,Q102,,,Sourlands DX,,,
102.1,WDNB,Jeffersonville,NY,94.82,6,6/10/2019,"Thunder 102 & 104-5 Proud to serve Delhi, Hancock, and Delaware County",,,Sourlands DX,,,
102.3,WSUS,Franklin,NJ,55.65,0.59,7/26/2018,102.3 WSUS,,,Sourlands DX,,,
102.3,WGBZ,Cape May,NJ,95,6,7/26/2018,99-3 The Buzz,,,Sourlands DX,,,
102.3,WBAB,Babylon,NY,83.95,6,6/8/2019,WBAB-HD 6/9/19,,,Sourlands DX,,,
102.3,WMQX,Pittston,PA,80.84,5.8,7/15/2019,Max 102//Stream match,,,Sourlands DX,,,
102.5,WRFY,Reading,PA,55.9,10,7/26/2018,Y-102,,,Sourlands DX,,,
102.5,WBOC,Princess Ane,MD,161.88,50,7/26/2018,102.5 WBOC,,,Sourlands DX,,,
102.5,WBAZ,Bridgehampton,NY,133.38,4.8,6/8/2019,102.5 BAZ,,,Sourlands DX,,,
102.7,WNEW,New York,NY,51.57,6,7/26/2018,New 102.7 FM,,,Sourlands DX,,,
102.7,WKSB,Williamsport,PA,125.82,53,8/28/2018,Kiss 102-7,,,Sourlands DX,,,
102.7,WQSR,Baltimore,MD,121.32,50,4/13/2019,102-7 Jack FM,,,Sourlands DX,,,
102.7,WWAC,Ocean City,NJ,73.14,4.1,6/8/2019,AC 102-7,,,Sourlands DX,,,
102.9,WMGK,Philadelphia,PA,31.17,8.9,7/26/2018,102-9 MGK,,,Sourlands DX,,,
103.1,WJGK,Newburgh,NY,84.44,6,6/10/2019,Fox 103-1,,,Sourlands DX,,,
103.1,WBZO,Bay Shore,NY,88.93,1.55,6/10/2019,Max FM,,,Sourlands DX,,,
103.3,WPRB,Princeton,NJ,9.71,14,7/26/2018,WPRB Princeton,,,Sourlands DX,,,
103.5,WKTU,Lake Success,NY,51.57,6,7/26/2018,103-5 KTU,,,Sourlands DX,,,
103.7,WNNJ,Newton,NJ,56.59,2.3,7/26/2018,103-7 NNJ,,,Sourlands DX,,,
103.7,WMGM,Atlantic City,NJ,69.66,50,7/26/2018,103.7 WMGM Rocks,,,Sourlands DX,,,
103.7,WXCY,Havre De Grace,MD,87.8,39,8/28/2018,Country 103.7 WXCY,,,Sourlands DX,,,
103.7,WVEI,Westerly,RI,186.38,37,6/8/2019,WEEI/ESPN Radio,,,Sourlands DX,,,
103.7,KEYN,Wichita,KS,1225.6,98,7/20/2019,Greatest Hits 103.7 KEYN,,,Sourlands DX,,,
103.9,WPHI,Jenkintown,PA,31.03,0.27,7/26/2018,Boom 103.9,,,Sourlands DX,,,
103.9,WOCQ,Berlin,MD,139.52,6,6/8/2019,OC104,,,Sourlands DX,,,
103.9,WRCN,Riverhead,NY,113.39,1.4,6/10/2019,LI News Radio,,,Sourlands DX,,,
103.9,KHYM,Copeland,KS,1393.45,100,7/20/2019,Praise & Encouragement KHYM// Stream,,,Sourlands DX,,,
104.1,WAEB,Allentown,PA,46.82,50,7/26/2018,B 104,,,Sourlands DX,,,
104.1,W281BH,Absecon,NJ,69.99,0.25,7/10/2019,Classic Rock 104.1,,,Sourlands DX,,,
104.3,WAXQ,New York,NY,51.57,6,7/26/2018,Q 104.3,,,Sourlands DX,,,
104.5,WRFF,Philadelphia,PA,31.16,11.5,7/26/2018,Radio 104-5,,,Sourlands DX,,,
104.7,W284AQ,Hackettstown,NJ,33.73,0.25,7/26/2018,RNJ Northwest Jersey,,,Sourlands DX,,,
104.7,WQHQ,Ocean City-Salisbury,MD,138.96,33,7/26/2018,Q105,,,Sourlands DX,,,
104.7,W284BW,New York,NY,49.08,0.099,9/17/2018,104.7 FM,,,Sourlands DX,,,
104.7,WSPK,Poughkeepsie,NY,90.06,7.4,6/10/2019,K 104.7,,,Sourlands DX,,,
104.7,WELJ,Montauk,NY,156.43,6,6/10/2019,104.7 WELJ Easy Favorites,,,Sourlands DX,,,
104.9,WSJO,Egg Harbor City,NJ,57.65,10,7/26/2018,SoJo 104-9,,,Sourlands DX,,,
104.9,W285EW,Harleysville,PA,27.03,0.05,8/12/2018,Word FM,,,Sourlands DX,,,
104.9,WIHS,Middletown,CT,137.88,3.1,6/10/2019,WIHS/Stream,,,Sourlands DX,,,
105.1,WWPR,New York,NY,51.57,6,7/26/2018,Power 105.1,,,Sourlands DX,,,
105.1,WIOV,Ephrata,PA,71.12,25,8/19/2018,I-105 Country,,,Sourlands DX,,,
105.1,WWLI,Providence,RI,201.17,50,6/10/2019,Lite Rock 105,,,Sourlands DX,,,
105.3,WDAS,Philadelphia,PA,31.16,16.5,7/26/2018,WDAS 105.3,,,Sourlands DX,,,
105.5,WDHA,Dover,NJ,37.58,1,7/26/2018,105.5 WDHA,,,Sourlands DX,,,
105.5,WDBY,Patterson,NY,101.19,0.9,6/10/2019,Kicks 105.5,,,Sourlands DX,,,
105.5,WMGH,Tamaqua,PA,69.27,1.4,6/10/2019,Magic 105.5,,,Sourlands DX,,,
105.5,WAIV,Cape May Court House,NJ,85.83,3.3,7/10/2019,95.1 WAYV,,,Sourlands DX,,,
105.7,WCHR,Manahawkin,NJ,48.98,12,7/26/2018,105-7 The Hawk,,,Sourlands DX,,,
105.7,WBNW,Endicott,NY,136.37,35,7/26/2018,Now 105-7,,,Sourlands DX,,,
105.7,WQXA,York,PA,101.51,2.7,8/29/2018,105-7 The X,,,Sourlands DX,,,
105.7,W289CR,Glen Gardner,NJ,22.85,0.218,10/12/2018,RNJ Northwest Jersey,,,Sourlands DX,,,
105.7,W289AZ,Camden,NJ,32.04,0.25,3/17/2019,Mega,,,Sourlands DX,,,
105.7,W289AD,Selden,NY,99.51,0.25,6/10/2019,//WSUF Stream,,,Sourlands DX,,,
105.9,WQXR,Newark,NJ,51.57,0.61,7/26/2018,WQXR New York's Classical Music,,,Sourlands DX,,,
105.9,WXDE,Lewes,DE,120.86,6,7/26/2018,Delaware 105.9 / News-Talk,,,Sourlands DX,,,
105.9,WHCN,Hartford,CT,132.44,16,6/10/2019,The River,,,Sourlands DX,,,
106.1,WISX,Philadelphia,PA,26.98,22.5,7/26/2018,106.1 The Breeze,,,Sourlands DX,,,
106.1,WBLI,Patchogue,NY,99.48,49,6/8/2019,BLI Long Island,,,Sourlands DX,,,
106.3,WHCY,Blairstown,NJ,47.49,0.43,7/26/2018,Max 106.3,,,Sourlands DX,,,
106.3,WKMK,Eatontown,NJ,40.06,1.1,7/26/2018,Thunder 106,,,Sourlands DX,,,
106.3,WFME,Mount Kisco,NY,82.63,0.98,6/10/2019,Family Radio,,,Sourlands DX,,,
106.5,WHII-LP,Warminster,PA,17.95,0.013,7/26/2018,Radio Philadelphia / Russian,,,Sourlands DX,,,
106.5,WTHJ,Bass River Twp,NJ,56.86,1.45,7/26/2018,Thunder 106,,,Sourlands DX,,,
106.5,WBMW,Pawcatuck,CT,165.01,12.5,6/10/2019,Soft Rock 106.5,,,Sourlands DX,,,
106.7,WLTW,New York,NY,51.57,6,7/26/2018,106.7 Lite FM,,,Sourlands DX,,,
106.7,WWKL,Hershey,PA,93.96,14,7/26/2018,Hot 106.7,,,Sourlands DX,,,
106.7,KQKX,Norfolk,NE,1189.23,100,7/20/2019,Kix Country KQKX,,,Sourlands DX,,,
106.9,WKVP,Camden,NJ,34.72,38,7/26/2018,K-Love,,,Sourlands DX,,,
106.9,WYPO,Ocean City,MD,142.27,4.5,6/8/2019,WYPR/Classical,,,Sourlands DX,,,
106.9,WCCC,Hartford,CT,144.69,23,6/10/2019,K-Love KVP dead air,,,Sourlands DX,,,
107.1,WWZY,Long Branch,NJ,44.8,5,7/26/2018,107.1 The Boss,,,Sourlands DX,,,
107.1,WWYY,Belvidere,NJ,43.54,0.84,7/26/2018,Spin Radio 107.1,,,Sourlands DX,,,
107.1,WXPK,Briarcliff Manor,NY,72.76,1.9,6/10/2019,The Peak,,,Sourlands DX,,,
107.3,WPUR,Atlantic City,NJ,71.34,25,7/26/2018,Cat Country 107.3,,,Sourlands DX,,,
107.3,WRWD,Highland,NY,101.54,0.33,6/10/2019,Country 107-3 WRWD,,,Sourlands DX,,,
107.3,KTHR,Wichita,KS,1225.25,100,7/20/2019,Alt 107-3,,,Sourlands DX,,,
107.5,WBYN,Boyertown,PA,43.19,30,7/26/2018,107.5 Alive,,,Sourlands DX,,,
107.5,WBLS,New York,NY,51.57,4.2,7/26/2018,107.5 WBLS,,,Sourlands DX,,,
107.7,WRRC,Lawrenceville,NJ,7.96,0.02,7/26/2018,The Bronc,,,Sourlands DX,,,
107.7,WGTY ,Gettysburg,PA,117.22,16,7/26/2018,Froggy 107.7,,,Sourlands DX,,,
107.7,WWWT,Manasas,VA,195.36,29,4/14/2019,WTOP,,,Sourlands DX,,,
107.7,WKHI,Fruitland,MD,140.55,23,6/8/2019,Big 107-7 #1 for classic rock,,,Sourlands DX,,,
107.7,WWRX,Bradford,RI,169.2,1.05,6/10/2019,Jammin 107-7,,,Sourlands DX,,,
107.7,KMAJ,Carbondale,KS,1122.03,53,7/20/2019,Majic 107.7,,,Sourlands DX,,,
107.9,WPPZ,Pennsauken,NJ ,33.74,0.78,7/26/2018,Classix 107.9,,,Sourlands DX,,,
107.9,WOLD-LP,Somerset,NJ,23.61,0.018,7/26/2018,Oldies 107.9,,,Sourlands DX,,,
107.9,WKRF,Tobyhanna,PA,54.68,0.83,7/26/2018,98-5 KRZ,,,Sourlands DX,,,
107.9,WEBE,Westport,CT,102.43,50,4/13/2019,WEBE 108,,,Sourlands DX,,,
,,,,,,,,,,,,,
,,,,,,,,,,,,,
,,,,,,,,,,,,,
,,,,,,,,,,,,,
,,,,,,,,,,,,,
,,,,,,,,,,,,,
,,,,,,,,,,,,,
,,,,,,,,,,,,,
,,,,,,,,,,,,,
,,,,,,,,,,,,,
,,,,,,,,,,,,,
,,,,,,,,,,,,,
,,,,,,,,,,,,,
,,,,,,,,,,,,,
,,,,,,,,,,,,,
